file,line,function
cnn/layers.hpp,89,Convolution::update_w
cnn/layers.hpp,108,Convolution::update_b
util/function.hpp,86,Function::sigmoid
util/function.hpp,90,Function::deriv_sigmoid
util/function.hpp,108,Function::softmax
util/function.hpp,126,Function::deriv_softmax
util/function.hpp,177,Function::conv2d
util/function.hpp,205,Function::deconv2d
util/function.hpp,256,Function::add_bias
util/tensor.hpp,120,Tensor::operator+
cnn/layers.hpp,92,Convolution::update_w
util/function.hpp,96,Function::deriv_sigmoid
util/function.hpp,131,Function::deriv_softmax
util/function.hpp,153,Function::matmul
util/function.hpp,156,Function::matmul
util/function.hpp,180,Function::conv2d
util/function.hpp,208,Function::deconv2d
util/tensor.hpp,140,Tensor::operator*
util/tensor.hpp,150,Tensor::times
util/tensor.hpp,130,Tensor::operator-
util/function.hpp,86,Function::sigmoid
util/function.hpp,111,Function::softmax
util/function.hpp,130,Function::deriv_softmax